Workbook

Sheet Sheet1
A1: Time Data | B1: Time Between Radars | C1: Time Clock | D1: Time Between Uploads | F1: Time to Upload
A2: 0.99861111 | B2: =A2-A3 -> 0.0013888889 | C2: 0.99908694 | D2: =C2-C3 -> 0.0012977662 | F2: =C2-A2 -> 0.00047583333
A3: 0.99722222 | B3: =A3-A4 -> 0.0013888889 | C3: 0.99778918 | D3: =C3-C4 -> 0.0015319907 | F3: =C3-A3 -> 0.00056695602
A4: 0.99583333 | B4: =A4-A5 -> 0.0013888889 | C4: 0.99625719 | D4: =C4-C5 -> 0.0012786574 | F4: =C4-A4 -> 0.00042385417
A5: 0.99444444 | B5: =A5-A6 -> 0.0013888889 | C5: 0.99497853 | D5: =C5-C6 -> 0.000824375 | F5: =C5-A5 -> 0.00053408565
A6: 0.99305556 | B6: =A6-A7 -> 0.0020833333 | C6: 0.99415416 | D6: =C6-C7 -> 0.0021972106 | F6: =C6-A6 -> 0.0010985995
A7: 0.99097222 | B7: =A7-A8 -> 0.0013888889 | C7: 0.99195694 | D7: =C7-C8 -> 0.0012804861 | F7: =C7-A7 -> 0.00098472222
A8: 0.98958333 | B8: =A8-A9 -> 0.0013888889 | C8: 0.99067646 | D8: =C8-C9 -> 0.00098125 | F8: =C8-A8 -> 0.001093125
A9: 0.98819444 | B9: =A9-A10 -> 0.0013888889 | C9: 0.98969521 | D9: =C9-C10 -> 0.0020809259 | F9: =C9-A9 -> 0.0015007639
A10: 0.98680556 | B10: =A10-A11 -> 0.0013888889 | C10: 0.98761428 | D10: =C10-C11 -> 0.0014076273 | F10: =C10-A10 -> 0.00080872685
A11: 0.98541667 | B11: =A11-A12 -> 0.0013888889 | C11: 0.98620666 | D11: =C11-C12 -> 0.0010634144 | F11: =C11-A11 -> 0.00078998843
A12: 0.98402778 | B12: =A12-A13 -> 0.0013888889 | C12: 0.98514324 | D12: =C12-C13 -> 0.0019232639 | F12: =C12-A12 -> 0.001115463
A13: 0.98263889 | B13: =A13-A14 -> 0.0013888889 | C13: 0.98321998 | D13: =C13-C14 -> 0.0012318171 | F13: =C13-A13 -> 0.00058108796
... A560: 0.0013888889 | B560: =A560-A561 -> 0.0013888889 | C560: 0.0028443403 | D560: =C560-C561 -> 0.0019683449 | F560: =C560-A560 -> 0.0014554514
A561: 0 | C561: 0.00087599537

Sheet Sheet2
A1: Product Time | B1: Time Between Radars | C1: Time to Upload | D1: Time Between Uploads | G1: Radars per day | H1: Radars per Hr | I1: Radars Per Product | N1: Time Between Radars | O1: Time to Upload | P1: Time Between Uploads
A2: 0.99861111 | B2: =(A2-A3)*86400/60 -> 2 | C2: =Sheet1!F2*86400/60 -> 0.6852 | D2: =Sheet1!D2*86400/60 -> 1.8687833 | G2: =COUNT(A2:A561) -> 560 | H2: =ROUND(G2/24,0) -> 23 | I2: =H2*3 -> 69 | N2: =MEDIAN(B2:B560) -> 2 | O2: =MEDIAN(C2:C560) -> 1.3740833 | P2: =MEDIAN(D2:D560) -> 2.4096667
A3: 0.99722222 | B3: =(A3-A4)*86400/60 -> 2 | C3: =Sheet1!F3*86400/60 -> 0.81641667 | D3: =Sheet1!D3*86400/60 -> 2.2060667
A4: 0.99583333 | B4: =(A4-A5)*86400/60 -> 2 | C4: =Sheet1!F4*86400/60 -> 0.61035 | D4: =Sheet1!D4*86400/60 -> 1.8412667
A5: 0.99444444 | B5: =(A5-A6)*86400/60 -> 2 | C5: =Sheet1!F5*86400/60 -> 0.76908333 | D5: =Sheet1!D5*86400/60 -> 1.1871
A6: 0.99305556 | B6: =(A6-A7)*86400/60 -> 3 | C6: =Sheet1!F6*86400/60 -> 1.5819833 | D6: =Sheet1!D6*86400/60 -> 3.1639833
A7: 0.99097222 | B7: =(A7-A8)*86400/60 -> 2 | C7: =Sheet1!F7*86400/60 -> 1.418 | D7: =Sheet1!D7*86400/60 -> 1.8439
A8: 0.98958333 | B8: =(A8-A9)*86400/60 -> 2 | C8: =Sheet1!F8*86400/60 -> 1.5741 | D8: =Sheet1!D8*86400/60 -> 1.413
A9: 0.98819444 | B9: =(A9-A10)*86400/60 -> 2 | C9: =Sheet1!F9*86400/60 -> 2.1611 | D9: =Sheet1!D9*86400/60 -> 2.9965333
A10: 0.98680556 | B10: =(A10-A11)*86400/60 -> 2 | C10: =Sheet1!F10*86400/60 -> 1.1645667 | D10: =Sheet1!D10*86400/60 -> 2.0269833
A11: 0.98541667 | B11: =(A11-A12)*86400/60 -> 2 | C11: =Sheet1!F11*86400/60 -> 1.1375833 | D11: =Sheet1!D11*86400/60 -> 1.5313167
A12: 0.98402778 | B12: =(A12-A13)*86400/60 -> 2 | C12: =Sheet1!F12*86400/60 -> 1.6062667 | D12: =Sheet1!D12*86400/60 -> 2.7695
A13: 0.98263889 | B13: =(A13-A14)*86400/60 -> 2 | C13: =Sheet1!F13*86400/60 -> 0.83676667 | D13: =Sheet1!D13*86400/60 -> 1.7738167
A14: 0.98125 | B14: =(A14-A15)*86400/60 -> 2 | C14: =Sheet1!F14*86400/60 -> 1.06295 | D14: =Sheet1!D14*86400/60 -> 2.3869167
... A32: 0.95486111 | B32: =(A32-A33)*86400/60 -> 2 | C32: =Sheet1!F32*86400/60 -> 0.79881667 | D32: =Sheet1!D32*86400/60 -> 1.5349
A33: 0.95347222 | B33: =(A33-A34)*86400/60 -> 2 | C33: =Sheet1!F33*86400/60 -> 1.2639167 | D33: =Sheet1!D33*86400/60 -> 2.2348667 | H33: =1/24 -> 0.041666667
A34: 0.95208333 | B34: =(A34-A35)*86400/60 -> 3 | C34: =Sheet1!F34*86400/60 -> 1.02905 | D34: =Sheet1!D34*86400/60 -> 3.0792
A35: 0.95 | B35: =(A35-A36)*86400/60 -> 3 | C35: =Sheet1!F35*86400/60 -> 0.94985 | D35: =Sheet1!D35*86400/60 -> 2.3437167
A36: 0.94791667 | B36: =(A36-A37)*86400/60 -> 2 | C36: =Sheet1!F36*86400/60 -> 1.6061333 | D36: =Sheet1!D36*86400/60 -> 2.8355833
A37: 0.94652778 | B37: =(A37-A38)*86400/60 -> 3 | C37: =Sheet1!F37*86400/60 -> 0.77055 | D37: =Sheet1!D37*86400/60 -> 2.7868333
A38: 0.94444444 | B38: =(A38-A39)*86400/60 -> 3 | C38: =Sheet1!F38*86400/60 -> 0.98371667 | D38: =Sheet1!D38*86400/60 -> 2.1319333
A39: 0.94236111 | B39: =(A39-A40)*86400/60 -> 2 | C39: =Sheet1!F39*86400/60 -> 1.8517833 | D39: =Sheet1!D39*86400/60 -> 3.1492167
A40: 0.94097222 | B40: =(A40-A41)*86400/60 -> 3 | C40: =Sheet1!F40*86400/60 -> 0.70256667 | D40: =Sheet1!D40*86400/60 -> 1.9434167
A41: 0.93888889 | B41: =(A41-A42)*86400/60 -> 3 | C41: =Sheet1!F41*86400/60 -> 1.75915 | D41: =Sheet1!D41*86400/60 -> 3.1758167
A42: 0.93680556 | B42: =(A42-A43)*86400/60 -> 2 | C42: =Sheet1!F42*86400/60 -> 1.5833333 | D42: =Sheet1!D42*86400/60 -> 2.7736
A43: 0.93541667 | B43: =(A43-A44)*86400/60 -> 3 | C43: =Sheet1!F43*86400/60 -> 0.80973333 | D43: =Sheet1!D43*86400/60 -> 2.7217833
A44: 0.93333333 | B44: =(A44-A45)*86400/60 -> 2 | C44: =Sheet1!F44*86400/60 -> 1.08795 | D44: =Sheet1!D44*86400/60 -> 1.98335
A45: 0.93194444 | B45: =(A45-A46)*86400/60 -> 2 | C45: =Sheet1!F45*86400/60 -> 1.1046 | D45: =Sheet1!D45*86400/60 -> 1.6461333
... A560: 0.0013888889 | B560: =(A560-A561)*86400/60 -> 2 | C560: =Sheet1!F560*86400/60 -> 2.09585 | D560: =Sheet1!D560*86400/60 -> 2.8344167
A561: 0
